Run,Cloud,Job Conf,Workflow,History,Inputs,Tool,Tool Version,State,Slots,Memory,Runtime (Sec),CPU,Memory Limit (Bytes),Memory Max usage (Bytes)
1,ice,ice-lake,9d2c7716a45c4f16,46e060f59cff29f0,SRR24043307-full ucsc.hg38.knownGene.gtf,cufflinks,2.2.1.3,ok,6.0000000,32212.0000000,5383.0000000,12788771450754.0000000,32212254720.0000000,9681252352.0000000
2,ice,ice-lake,9d2c7716a45c4f16,e0aefe1501799daa,SRR24043307-full ucsc.hg38.knownGene.gtf,cufflinks,2.2.1.3,ok,6.0000000,32212.0000000,5379.0000000,12783476941469.0000000,32212254720.0000000,9829445632.0000000
3,ice,ice-lake,9d2c7716a45c4f16,850d26f8215a251e,SRR24043307-50 ucsc.hg38.knownGene.gtf,cufflinks,2.2.1.3,ok,6.0000000,32212.0000000,3144.0000000,9424659303565.0000000,32212254720.0000000,7191650304.0000000
2,ice,ice-lake,9d2c7716a45c4f16,c50f0ad925de9f1e,SRR24043307-50 ucsc.hg38.knownGene.gtf,cufflinks,2.2.1.3,ok,6.0000000,32212.0000000,3131.0000000,9404556384210.0000000,32212254720.0000000,7009099776.0000000
1,ice,ice-lake,9d2c7716a45c4f16,06d75c4d34c965e4,SRR24043307-50 ucsc.hg38.knownGene.gtf,cufflinks,2.2.1.3,ok,6.0000000,32212.0000000,3100.0000000,9367404397337.0000000,32212254720.0000000,7187361792.0000000
1,ice,ice-lake,9d2c7716a45c4f16,5e1385555d4cb50d,SRR24043307 ucsc.hg38.knownGene.gtf,rna_star,2.7.8a+galaxy1,ok,10.0000000,53687.0000000,2587.0000000,1955466127417.0000000,53687091200.0000000,53686931456.0000000
1,ice,ice-lake,9d2c7716a45c4f16,5e1385555d4cb50d,SRR24043307 ucsc.hg38.knownGene.gtf,cufflinks,2.2.1.3,ok,6.0000000,32212.0000000,1792.0000000,6518088114846.0000000,32212254720.0000000,6103183360.0000000
3,ice,ice-lake,9d2c7716a45c4f16,cca756dc9b546613,SRR24043307-full ucsc.hg38.knownGene.gtf,rna_star,2.7.8a+galaxy1,ok,10.0000000,53687.0000000,1665.0000000,7125423876553.0000000,53687091200.0000000,53687091200.0000000
2,ice,ice-lake,9d2c7716a45c4f16,8377883a95a3aa65,SRR24043307 ucsc.hg38.knownGene.gtf,cufflinks,2.2.1.3,ok,6.0000000,32212.0000000,1581.0000000,6526037466937.0000000,32212254720.0000000,3684093952.0000000
3,ice,ice-lake,9d2c7716a45c4f16,3f801f8484f6226d,SRR24043307 ucsc.hg38.knownGene.gtf,cufflinks,2.2.1.3,ok,6.0000000,32212.0000000,1580.0000000,6521136953134.0000000,32212254720.0000000,4511510528.0000000
2,ice,ice-lake,9d2c7716a45c4f16,e0aefe1501799daa,SRR24043307-full ucsc.hg38.knownGene.gtf,rna_star,2.7.8a+galaxy1,ok,10.0000000,53687.0000000,1522.0000000,7121091860251.0000000,53687091200.0000000,53687091200.0000000
1,ice,ice-lake,9d2c7716a45c4f16,46e060f59cff29f0,SRR24043307-full ucsc.hg38.knownGene.gtf,rna_star,2.7.8a+galaxy1,ok,10.0000000,53687.0000000,1468.0000000,7078240027166.0000000,53687091200.0000000,53687091200.0000000
2,ice,ice-lake,9d2c7716a45c4f16,e0aefe1501799daa,SRR24043307-full ucsc.hg38.knownGene.gtf,bamFilter,2.5.2+galaxy1,ok,1.0000000,4080.0000000,1385.0000000,1384641477055.0000000,4080218112.0000000,4079828992.0000000
1,ice,ice-lake,9d2c7716a45c4f16,46e060f59cff29f0,SRR24043307-full ucsc.hg38.knownGene.gtf,bamFilter,2.5.2+galaxy1,ok,1.0000000,4080.0000000,1370.0000000,1370463560522.0000000,4080218112.0000000,4079824896.0000000
2,ice,ice-lake,9d2c7716a45c4f16,c50f0ad925de9f1e,SRR24043307-50 ucsc.hg38.knownGene.gtf,rna_star,2.7.8a+galaxy1,ok,10.0000000,53687.0000000,927.0000000,3929060351599.0000000,53687091200.0000000,49800212480.0000000
3,ice,ice-lake,9d2c7716a45c4f16,850d26f8215a251e,SRR24043307-50 ucsc.hg38.knownGene.gtf,rna_star,2.7.8a+galaxy1,ok,10.0000000,53687.0000000,855.0000000,3944207457399.0000000,53687091200.0000000,46204936192.0000000
2,ice,ice-lake,9d2c7716a45c4f16,e0aefe1501799daa,SRR24043307-full ucsc.hg38.knownGene.gtf,revertR2orientationInBam,0.0.2,ok,1.0000000,4080.0000000,840.0000000,837276883636.0000000,4080218112.0000000,4079951872.0000000
1,ice,ice-lake,9d2c7716a45c4f16,46e060f59cff29f0,SRR24043307-full ucsc.hg38.knownGene.gtf,revertR2orientationInBam,0.0.2,ok,1.0000000,4080.0000000,839.0000000,836384863914.0000000,4080218112.0000000,4079964160.0000000
1,ice,ice-lake,9d2c7716a45c4f16,06d75c4d34c965e4,SRR24043307-50 ucsc.hg38.knownGene.gtf,rna_star,2.7.8a+galaxy1,ok,10.0000000,53687.0000000,838.0000000,3890443478453.0000000,53687091200.0000000,53686951936.0000000
2,ice,ice-lake,9d2c7716a45c4f16,e0aefe1501799daa,SRR24043307-full ucsc.hg38.knownGene.gtf,cutadapt,4.0+galaxy1,ok,5.0000000,20401.0000000,709.0000000,3272035453136.0000000,20401094656.0000000,20400697344.0000000
3,ice,ice-lake,9d2c7716a45c4f16,850d26f8215a251e,SRR24043307-50 ucsc.hg38.knownGene.gtf,bamFilter,2.5.2+galaxy1,ok,1.0000000,4080.0000000,709.0000000,708792096212.0000000,4080218112.0000000,4079816704.0000000
1,ice,ice-lake,9d2c7716a45c4f16,46e060f59cff29f0,SRR24043307-full ucsc.hg38.knownGene.gtf,cutadapt,4.0+galaxy1,ok,5.0000000,20401.0000000,707.0000000,3276511498779.0000000,20401094656.0000000,20400701440.0000000
2,ice,ice-lake,9d2c7716a45c4f16,c50f0ad925de9f1e,SRR24043307-50 ucsc.hg38.knownGene.gtf,bamFilter,2.5.2+galaxy1,ok,1.0000000,4080.0000000,707.0000000,707129377514.0000000,4080218112.0000000,4079820800.0000000
1,ice,ice-lake,9d2c7716a45c4f16,06d75c4d34c965e4,SRR24043307-50 ucsc.hg38.knownGene.gtf,bamFilter,2.5.2+galaxy1,ok,1.0000000,4080.0000000,705.0000000,704587810676.0000000,4080218112.0000000,4079812608.0000000
3,ice,ice-lake,9d2c7716a45c4f16,cca756dc9b546613,SRR24043307-full ucsc.hg38.knownGene.gtf,cutadapt,4.0+galaxy1,ok,5.0000000,20401.0000000,700.0000000,3240836174528.0000000,20401094656.0000000,20400807936.0000000
2,ice,ice-lake,9d2c7716a45c4f16,8377883a95a3aa65,SRR24043307 ucsc.hg38.knownGene.gtf,rna_star,2.7.8a+galaxy1,ok,10.0000000,53687.0000000,484.0000000,1965006130867.0000000,53687091200.0000000,53686968320.0000000
3,ice,ice-lake,9d2c7716a45c4f16,3f801f8484f6226d,SRR24043307 ucsc.hg38.knownGene.gtf,rna_star,2.7.8a+galaxy1,ok,10.0000000,53687.0000000,476.0000000,1966521984446.0000000,53687091200.0000000,53686956032.0000000
3,ice,ice-lake,9d2c7716a45c4f16,850d26f8215a251e,SRR24043307-50 ucsc.hg38.knownGene.gtf,revertR2orientationInBam,0.0.2,ok,1.0000000,4080.0000000,444.0000000,441886832064.0000000,4080218112.0000000,2368884736.0000000
2,ice,ice-lake,9d2c7716a45c4f16,c50f0ad925de9f1e,SRR24043307-50 ucsc.hg38.knownGene.gtf,revertR2orientationInBam,0.0.2,ok,1.0000000,4080.0000000,432.0000000,431206766422.0000000,4080218112.0000000,2355482624.0000000
1,ice,ice-lake,9d2c7716a45c4f16,06d75c4d34c965e4,SRR24043307-50 ucsc.hg38.knownGene.gtf,revertR2orientationInBam,0.0.2,ok,1.0000000,4080.0000000,427.0000000,425907971209.0000000,4080218112.0000000,2354880512.0000000
2,ice,ice-lake,9d2c7716a45c4f16,e0aefe1501799daa,SRR24043307-full ucsc.hg38.knownGene.gtf,bedtools_genomecoveragebed,2.30.0,ok,1.0000000,4080.0000000,373.0000000,372222317959.0000000,4080218112.0000000,4079820800.0000000
2,ice,ice-lake,9d2c7716a45c4f16,c50f0ad925de9f1e,SRR24043307-50 ucsc.hg38.knownGene.gtf,cutadapt,4.0+galaxy1,ok,5.0000000,20401.0000000,357.0000000,1649744171349.0000000,20401094656.0000000,14443474944.0000000
3,ice,ice-lake,9d2c7716a45c4f16,850d26f8215a251e,SRR24043307-50 ucsc.hg38.knownGene.gtf,cutadapt,4.0+galaxy1,ok,5.0000000,20401.0000000,355.0000000,1650142462254.0000000,20401094656.0000000,14423592960.0000000
1,ice,ice-lake,9d2c7716a45c4f16,06d75c4d34c965e4,SRR24043307-50 ucsc.hg38.knownGene.gtf,cutadapt,4.0+galaxy1,ok,5.0000000,20401.0000000,354.0000000,1643869106889.0000000,20401094656.0000000,14511394816.0000000
1,ice,ice-lake,9d2c7716a45c4f16,5e1385555d4cb50d,SRR24043307 ucsc.hg38.knownGene.gtf,bamFilter,2.5.2+galaxy1,ok,1.0000000,4080.0000000,294.0000000,294752586270.0000000,4080218112.0000000,2292641792.0000000
2,ice,ice-lake,9d2c7716a45c4f16,8377883a95a3aa65,SRR24043307 ucsc.hg38.knownGene.gtf,bamFilter,2.5.2+galaxy1,ok,1.0000000,4080.0000000,293.0000000,292886690403.0000000,4080218112.0000000,1652355072.0000000
3,ice,ice-lake,9d2c7716a45c4f16,3f801f8484f6226d,SRR24043307 ucsc.hg38.knownGene.gtf,bamFilter,2.5.2+galaxy1,ok,1.0000000,4080.0000000,292.0000000,292739048619.0000000,4080218112.0000000,1399414784.0000000
2,ice,ice-lake,9d2c7716a45c4f16,e0aefe1501799daa,SRR24043307-full ucsc.hg38.knownGene.gtf,bedtools_genomecoveragebed,2.30.0,ok,1.0000000,4080.0000000,288.0000000,287456205193.0000000,4080218112.0000000,3484844032.0000000
2,ice,ice-lake,9d2c7716a45c4f16,e0aefe1501799daa,SRR24043307-full ucsc.hg38.knownGene.gtf,bedtools_genomecoveragebed,2.30.0,ok,1.0000000,4080.0000000,280.0000000,280222254157.0000000,4080218112.0000000,4079820800.0000000
1,ice,ice-lake,9d2c7716a45c4f16,06d75c4d34c965e4,SRR24043307-50 ucsc.hg38.knownGene.gtf,bedtools_genomecoveragebed,2.30.0,ok,1.0000000,4080.0000000,208.0000000,207733609685.0000000,4080218112.0000000,4079824896.0000000
2,ice,ice-lake,9d2c7716a45c4f16,c50f0ad925de9f1e,SRR24043307-50 ucsc.hg38.knownGene.gtf,bedtools_genomecoveragebed,2.30.0,ok,1.0000000,4080.0000000,204.0000000,203066934817.0000000,4080218112.0000000,4079824896.0000000
3,ice,ice-lake,9d2c7716a45c4f16,850d26f8215a251e,SRR24043307-50 ucsc.hg38.knownGene.gtf,bedtools_genomecoveragebed,2.30.0,ok,1.0000000,4080.0000000,204.0000000,202761135912.0000000,4080218112.0000000,2200891392.0000000
2,ice,ice-lake,9d2c7716a45c4f16,8377883a95a3aa65,SRR24043307 ucsc.hg38.knownGene.gtf,revertR2orientationInBam,0.0.2,ok,1.0000000,4080.0000000,178.0000000,177187142341.0000000,4080218112.0000000,1031172096.0000000
3,ice,ice-lake,9d2c7716a45c4f16,3f801f8484f6226d,SRR24043307 ucsc.hg38.knownGene.gtf,revertR2orientationInBam,0.0.2,ok,1.0000000,4080.0000000,176.0000000,175340677777.0000000,4080218112.0000000,1037795328.0000000
1,ice,ice-lake,9d2c7716a45c4f16,5e1385555d4cb50d,SRR24043307 ucsc.hg38.knownGene.gtf,revertR2orientationInBam,0.0.2,ok,1.0000000,4080.0000000,175.0000000,174472690442.0000000,4080218112.0000000,1043800064.0000000
3,ice,ice-lake,9d2c7716a45c4f16,850d26f8215a251e,SRR24043307-50 ucsc.hg38.knownGene.gtf,bedtools_genomecoveragebed,2.30.0,ok,1.0000000,4080.0000000,157.0000000,156675338792.0000000,4080218112.0000000,2042261504.0000000
2,ice,ice-lake,9d2c7716a45c4f16,c50f0ad925de9f1e,SRR24043307-50 ucsc.hg38.knownGene.gtf,bedtools_genomecoveragebed,2.30.0,ok,1.0000000,4080.0000000,157.0000000,156439801799.0000000,4080218112.0000000,2042290176.0000000
1,ice,ice-lake,9d2c7716a45c4f16,06d75c4d34c965e4,SRR24043307-50 ucsc.hg38.knownGene.gtf,bedtools_genomecoveragebed,2.30.0,ok,1.0000000,4080.0000000,157.0000000,156169028070.0000000,4080218112.0000000,2102345728.0000000
2,ice,ice-lake,9d2c7716a45c4f16,c50f0ad925de9f1e,SRR24043307-50 ucsc.hg38.knownGene.gtf,bedtools_genomecoveragebed,2.30.0,ok,1.0000000,4080.0000000,154.0000000,152969339821.0000000,4080218112.0000000,3677507584.0000000
3,ice,ice-lake,9d2c7716a45c4f16,850d26f8215a251e,SRR24043307-50 ucsc.hg38.knownGene.gtf,bedtools_genomecoveragebed,2.30.0,ok,1.0000000,4080.0000000,153.0000000,152983038406.0000000,4080218112.0000000,3832905728.0000000
1,ice,ice-lake,9d2c7716a45c4f16,06d75c4d34c965e4,SRR24043307-50 ucsc.hg38.knownGene.gtf,bedtools_genomecoveragebed,2.30.0,ok,1.0000000,4080.0000000,152.0000000,152057115995.0000000,4080218112.0000000,3578064896.0000000
1,ice,ice-lake,9d2c7716a45c4f16,5e1385555d4cb50d,SRR24043307 ucsc.hg38.knownGene.gtf,cutadapt,4.0+galaxy1,ok,5.0000000,20401.0000000,146.0000000,654049425718.0000000,20401094656.0000000,5888081920.0000000
3,ice,ice-lake,9d2c7716a45c4f16,3f801f8484f6226d,SRR24043307 ucsc.hg38.knownGene.gtf,cutadapt,4.0+galaxy1,ok,5.0000000,20401.0000000,145.0000000,663034176700.0000000,20401094656.0000000,4131164160.0000000
2,ice,ice-lake,9d2c7716a45c4f16,8377883a95a3aa65,SRR24043307 ucsc.hg38.knownGene.gtf,cutadapt,4.0+galaxy1,ok,5.0000000,20401.0000000,143.0000000,661153831565.0000000,20401094656.0000000,3982282752.0000000
2,ice,ice-lake,9d2c7716a45c4f16,8377883a95a3aa65,SRR24043307 ucsc.hg38.knownGene.gtf,bedtools_genomecoveragebed,2.30.0,ok,1.0000000,4080.0000000,97.0000000,96010526809.0000000,4080218112.0000000,2769252352.0000000
3,ice,ice-lake,9d2c7716a45c4f16,3f801f8484f6226d,SRR24043307 ucsc.hg38.knownGene.gtf,bedtools_genomecoveragebed,2.30.0,ok,1.0000000,4080.0000000,97.0000000,96277629411.0000000,4080218112.0000000,2762661888.0000000
1,ice,ice-lake,9d2c7716a45c4f16,5e1385555d4cb50d,SRR24043307 ucsc.hg38.knownGene.gtf,bedtools_genomecoveragebed,2.30.0,ok,1.0000000,4080.0000000,95.0000000,95244429394.0000000,4080218112.0000000,2756890624.0000000
2,ice,ice-lake,9d2c7716a45c4f16,8377883a95a3aa65,SRR24043307 ucsc.hg38.knownGene.gtf,bedtools_genomecoveragebed,2.30.0,ok,1.0000000,4080.0000000,75.0000000,74882394134.0000000,4080218112.0000000,2211450880.0000000
3,ice,ice-lake,9d2c7716a45c4f16,3f801f8484f6226d,SRR24043307 ucsc.hg38.knownGene.gtf,bedtools_genomecoveragebed,2.30.0,ok,1.0000000,4080.0000000,75.0000000,74323205001.0000000,4080218112.0000000,2025230336.0000000
1,ice,ice-lake,9d2c7716a45c4f16,5e1385555d4cb50d,SRR24043307 ucsc.hg38.knownGene.gtf,bedtools_genomecoveragebed,2.30.0,ok,1.0000000,4080.0000000,74.0000000,73228249078.0000000,4080218112.0000000,2514530304.0000000
1,ice,ice-lake,9d2c7716a45c4f16,5e1385555d4cb50d,SRR24043307 ucsc.hg38.knownGene.gtf,bedtools_genomecoveragebed,2.30.0,ok,1.0000000,4080.0000000,74.0000000,73913517360.0000000,4080218112.0000000,2025275392.0000000
3,ice,ice-lake,9d2c7716a45c4f16,3f801f8484f6226d,SRR24043307 ucsc.hg38.knownGene.gtf,bedtools_genomecoveragebed,2.30.0,ok,1.0000000,4080.0000000,73.0000000,72577735218.0000000,4080218112.0000000,2514616320.0000000
2,ice,ice-lake,9d2c7716a45c4f16,8377883a95a3aa65,SRR24043307 ucsc.hg38.knownGene.gtf,bedtools_genomecoveragebed,2.30.0,ok,1.0000000,4080.0000000,72.0000000,72332205577.0000000,4080218112.0000000,2025775104.0000000
2,ice,ice-lake,9d2c7716a45c4f16,e0aefe1501799daa,SRR24043307-full ucsc.hg38.knownGene.gtf,wig_to_bigWig,unknown,ok,1.0000000,10737.0000000,46.0000000,45511765904.0000000,10737418240.0000000,3779194880.0000000
2,ice,ice-lake,9d2c7716a45c4f16,c50f0ad925de9f1e,SRR24043307-50 ucsc.hg38.knownGene.gtf,wig_to_bigWig,unknown,ok,1.0000000,10737.0000000,33.0000000,32963213647.0000000,10737418240.0000000,2811916288.0000000
3,ice,ice-lake,9d2c7716a45c4f16,850d26f8215a251e,SRR24043307-50 ucsc.hg38.knownGene.gtf,wig_to_bigWig,unknown,ok,1.0000000,10737.0000000,33.0000000,32945295684.0000000,10737418240.0000000,2812108800.0000000
1,ice,ice-lake,9d2c7716a45c4f16,06d75c4d34c965e4,SRR24043307-50 ucsc.hg38.knownGene.gtf,wig_to_bigWig,unknown,ok,1.0000000,10737.0000000,33.0000000,33276288406.0000000,10737418240.0000000,2812047360.0000000
2,ice,ice-lake,9d2c7716a45c4f16,e0aefe1501799daa,SRR24043307-full ucsc.hg38.knownGene.gtf,wig_to_bigWig,unknown,ok,1.0000000,10737.0000000,24.0000000,23665848898.0000000,10737418240.0000000,2024910848.0000000
2,ice,ice-lake,9d2c7716a45c4f16,e0aefe1501799daa,SRR24043307-full ucsc.hg38.knownGene.gtf,wig_to_bigWig,unknown,ok,1.0000000,10737.0000000,22.0000000,22581113458.0000000,10737418240.0000000,1935302656.0000000
2,ice,ice-lake,9d2c7716a45c4f16,8377883a95a3aa65,SRR24043307 ucsc.hg38.knownGene.gtf,wig_to_bigWig,unknown,ok,1.0000000,10737.0000000,21.0000000,20136774466.0000000,10737418240.0000000,1796173824.0000000
1,ice,ice-lake,9d2c7716a45c4f16,5e1385555d4cb50d,SRR24043307 ucsc.hg38.knownGene.gtf,wig_to_bigWig,unknown,ok,1.0000000,10737.0000000,20.0000000,20018859878.0000000,10737418240.0000000,1283301376.0000000
3,ice,ice-lake,9d2c7716a45c4f16,3f801f8484f6226d,SRR24043307 ucsc.hg38.knownGene.gtf,wig_to_bigWig,unknown,ok,1.0000000,10737.0000000,20.0000000,20092722180.0000000,10737418240.0000000,1796112384.0000000
2,ice,ice-lake,9d2c7716a45c4f16,c50f0ad925de9f1e,SRR24043307-50 ucsc.hg38.knownGene.gtf,wig_to_bigWig,unknown,ok,1.0000000,10737.0000000,18.0000000,17638017794.0000000,10737418240.0000000,1430458368.0000000
2,ice,ice-lake,9d2c7716a45c4f16,c50f0ad925de9f1e,SRR24043307-50 ucsc.hg38.knownGene.gtf,wig_to_bigWig,unknown,ok,1.0000000,10737.0000000,18.0000000,17128759480.0000000,10737418240.0000000,1496375296.0000000
3,ice,ice-lake,9d2c7716a45c4f16,850d26f8215a251e,SRR24043307-50 ucsc.hg38.knownGene.gtf,wig_to_bigWig,unknown,ok,1.0000000,10737.0000000,17.0000000,17059619254.0000000,10737418240.0000000,1496297472.0000000
1,ice,ice-lake,9d2c7716a45c4f16,06d75c4d34c965e4,SRR24043307-50 ucsc.hg38.knownGene.gtf,wig_to_bigWig,unknown,ok,1.0000000,10737.0000000,17.0000000,17016903758.0000000,10737418240.0000000,1496297472.0000000
3,ice,ice-lake,9d2c7716a45c4f16,850d26f8215a251e,SRR24043307-50 ucsc.hg38.knownGene.gtf,wig_to_bigWig,unknown,ok,1.0000000,10737.0000000,16.0000000,16355141252.0000000,10737418240.0000000,1430458368.0000000
1,ice,ice-lake,9d2c7716a45c4f16,06d75c4d34c965e4,SRR24043307-50 ucsc.hg38.knownGene.gtf,wig_to_bigWig,unknown,ok,1.0000000,10737.0000000,16.0000000,16320648871.0000000,10737418240.0000000,1430548480.0000000
3,ice,ice-lake,9d2c7716a45c4f16,3f801f8484f6226d,SRR24043307 ucsc.hg38.knownGene.gtf,wig_to_bigWig,unknown,ok,1.0000000,10737.0000000,11.0000000,10407653453.0000000,10737418240.0000000,948367360.0000000
2,ice,ice-lake,9d2c7716a45c4f16,8377883a95a3aa65,SRR24043307 ucsc.hg38.knownGene.gtf,wig_to_bigWig,unknown,ok,1.0000000,10737.0000000,11.0000000,10471936230.0000000,10737418240.0000000,948371456.0000000
2,ice,ice-lake,9d2c7716a45c4f16,8377883a95a3aa65,SRR24043307 ucsc.hg38.knownGene.gtf,wig_to_bigWig,unknown,ok,1.0000000,10737.0000000,10.0000000,9989561747.0000000,10737418240.0000000,906313728.0000000
3,ice,ice-lake,9d2c7716a45c4f16,3f801f8484f6226d,SRR24043307 ucsc.hg38.knownGene.gtf,wig_to_bigWig,unknown,ok,1.0000000,10737.0000000,10.0000000,10033583131.0000000,10737418240.0000000,906330112.0000000
1,ice,ice-lake,9d2c7716a45c4f16,5e1385555d4cb50d,SRR24043307 ucsc.hg38.knownGene.gtf,wig_to_bigWig,unknown,ok,1.0000000,10737.0000000,10.0000000,10380106614.0000000,10737418240.0000000,948334592.0000000
1,ice,ice-lake,9d2c7716a45c4f16,5e1385555d4cb50d,SRR24043307 ucsc.hg38.knownGene.gtf,wig_to_bigWig,unknown,ok,1.0000000,10737.0000000,10.0000000,10303163667.0000000,10737418240.0000000,906436608.0000000
1,ice,ice-lake,9d2c7716a45c4f16,5e1385555d4cb50d,SRR24043307 ucsc.hg38.knownGene.gtf,multiqc,1.11+galaxy1,ok,1.0000000,12240.0000000,8.0000000,6806421564.0000000,12240654336.0000000,117678080.0000000
2,ice,ice-lake,9d2c7716a45c4f16,e0aefe1501799daa,SRR24043307-full ucsc.hg38.knownGene.gtf,multiqc,1.11+galaxy1,ok,1.0000000,12240.0000000,8.0000000,6745772935.0000000,12240654336.0000000,119414784.0000000
3,ice,ice-lake,9d2c7716a45c4f16,3f801f8484f6226d,SRR24043307 ucsc.hg38.knownGene.gtf,multiqc,1.11+galaxy1,ok,1.0000000,12240.0000000,7.0000000,6823191776.0000000,12240654336.0000000,117202944.0000000
2,ice,ice-lake,9d2c7716a45c4f16,c50f0ad925de9f1e,SRR24043307-50 ucsc.hg38.knownGene.gtf,multiqc,1.11+galaxy1,ok,1.0000000,12240.0000000,7.0000000,6577377433.0000000,12240654336.0000000,115597312.0000000
2,ice,ice-lake,9d2c7716a45c4f16,8377883a95a3aa65,SRR24043307 ucsc.hg38.knownGene.gtf,multiqc,1.11+galaxy1,ok,1.0000000,12240.0000000,7.0000000,6706902167.0000000,12240654336.0000000,117321728.0000000
1,ice,ice-lake,9d2c7716a45c4f16,06d75c4d34c965e4,SRR24043307-50 ucsc.hg38.knownGene.gtf,multiqc,1.11+galaxy1,ok,1.0000000,12240.0000000,7.0000000,6485596649.0000000,12240654336.0000000,115826688.0000000
1,ice,ice-lake,9d2c7716a45c4f16,46e060f59cff29f0,SRR24043307-full ucsc.hg38.knownGene.gtf,multiqc,1.11+galaxy1,ok,1.0000000,12240.0000000,7.0000000,6533268937.0000000,12240654336.0000000,115707904.0000000
3,ice,ice-lake,9d2c7716a45c4f16,850d26f8215a251e,SRR24043307-50 ucsc.hg38.knownGene.gtf,multiqc,1.11+galaxy1,ok,1.0000000,12240.0000000,7.0000000,6751781495.0000000,12240654336.0000000,115580928.0000000
1,ice,ice-lake,9d2c7716a45c4f16,46e060f59cff29f0,SRR24043307-full ucsc.hg38.knownGene.gtf,map_param_value,0.1.1,ok,1.0000000,4080.0000000,4.0000000,3614390633.0000000,4080218112.0000000,184053760.0000000
3,ice,ice-lake,9d2c7716a45c4f16,850d26f8215a251e,SRR24043307-50 ucsc.hg38.knownGene.gtf,map_param_value,0.1.1,ok,1.0000000,4080.0000000,4.0000000,3585586866.0000000,4080218112.0000000,184733696.0000000
2,ice,ice-lake,9d2c7716a45c4f16,8377883a95a3aa65,SRR24043307 ucsc.hg38.knownGene.gtf,map_param_value,0.1.1,ok,1.0000000,4080.0000000,4.0000000,3529837932.0000000,4080218112.0000000,184496128.0000000
2,ice,ice-lake,9d2c7716a45c4f16,c50f0ad925de9f1e,SRR24043307-50 ucsc.hg38.knownGene.gtf,param_value_from_file,unknown,ok,1.0000000,4080.0000000,4.0000000,3658436924.0000000,4080218112.0000000,184455168.0000000
2,ice,ice-lake,9d2c7716a45c4f16,e0aefe1501799daa,SRR24043307-full ucsc.hg38.knownGene.gtf,param_value_from_file,unknown,ok,1.0000000,4080.0000000,4.0000000,3679122139.0000000,4080218112.0000000,184143872.0000000
1,ice,ice-lake,9d2c7716a45c4f16,5e1385555d4cb50d,SRR24043307 ucsc.hg38.knownGene.gtf,map_param_value,0.1.1,ok,1.0000000,4080.0000000,4.0000000,3537993246.0000000,4080218112.0000000,184504320.0000000
1,ice,ice-lake,9d2c7716a45c4f16,06d75c4d34c965e4,SRR24043307-50 ucsc.hg38.knownGene.gtf,map_param_value,0.1.1,ok,1.0000000,4080.0000000,4.0000000,3564955136.0000000,4080218112.0000000,184406016.0000000
2,ice,ice-lake,9d2c7716a45c4f16,e0aefe1501799daa,SRR24043307-full ucsc.hg38.knownGene.gtf,compose_text_param,0.1.1,ok,1.0000000,4080.0000000,4.0000000,3599700502.0000000,4080218112.0000000,184520704.0000000
2,ice,ice-lake,9d2c7716a45c4f16,c50f0ad925de9f1e,SRR24043307-50 ucsc.hg38.knownGene.gtf,map_param_value,0.1.1,ok,1.0000000,4080.0000000,4.0000000,3517261795.0000000,4080218112.0000000,184209408.0000000
2,ice,ice-lake,9d2c7716a45c4f16,c50f0ad925de9f1e,SRR24043307-50 ucsc.hg38.knownGene.gtf,map_param_value,0.1.1,ok,1.0000000,4080.0000000,4.0000000,3579041729.0000000,4080218112.0000000,184152064.0000000
2,ice,ice-lake,9d2c7716a45c4f16,c50f0ad925de9f1e,SRR24043307-50 ucsc.hg38.knownGene.gtf,map_param_value,0.1.1,ok,1.0000000,4080.0000000,4.0000000,3509594616.0000000,4080218112.0000000,184545280.0000000
2,ice,ice-lake,9d2c7716a45c4f16,8377883a95a3aa65,SRR24043307 ucsc.hg38.knownGene.gtf,map_param_value,0.1.1,ok,1.0000000,4080.0000000,4.0000000,3561496754.0000000,4080218112.0000000,184221696.0000000
1,ice,ice-lake,9d2c7716a45c4f16,5e1385555d4cb50d,SRR24043307 ucsc.hg38.knownGene.gtf,map_param_value,0.1.1,ok,1.0000000,4080.0000000,4.0000000,3488281182.0000000,4080218112.0000000,184549376.0000000
1,ice,ice-lake,9d2c7716a45c4f16,5e1385555d4cb50d,SRR24043307 ucsc.hg38.knownGene.gtf,param_value_from_file,unknown,ok,1.0000000,4080.0000000,4.0000000,3554163723.0000000,4080218112.0000000,184561664.0000000
2,ice,ice-lake,9d2c7716a45c4f16,e0aefe1501799daa,SRR24043307-full ucsc.hg38.knownGene.gtf,map_param_value,0.1.1,ok,1.0000000,4080.0000000,4.0000000,3570117163.0000000,4080218112.0000000,184774656.0000000
1,ice,ice-lake,9d2c7716a45c4f16,46e060f59cff29f0,SRR24043307-full ucsc.hg38.knownGene.gtf,map_param_value,0.1.1,ok,1.0000000,4080.0000000,4.0000000,3573448562.0000000,4080218112.0000000,184246272.0000000
2,ice,ice-lake,9d2c7716a45c4f16,8377883a95a3aa65,SRR24043307 ucsc.hg38.knownGene.gtf,map_param_value,0.1.1,ok,1.0000000,4080.0000000,4.0000000,3625483510.0000000,4080218112.0000000,183934976.0000000
1,ice,ice-lake,9d2c7716a45c4f16,5e1385555d4cb50d,SRR24043307 ucsc.hg38.knownGene.gtf,map_param_value,0.1.1,ok,1.0000000,4080.0000000,4.0000000,3564011712.0000000,4080218112.0000000,185069568.0000000
3,ice,ice-lake,9d2c7716a45c4f16,3f801f8484f6226d,SRR24043307 ucsc.hg38.knownGene.gtf,map_param_value,0.1.1,ok,1.0000000,4080.0000000,4.0000000,3641262735.0000000,4080218112.0000000,184590336.0000000
3,ice,ice-lake,9d2c7716a45c4f16,850d26f8215a251e,SRR24043307-50 ucsc.hg38.knownGene.gtf,map_param_value,0.1.1,ok,1.0000000,4080.0000000,4.0000000,3535795534.0000000,4080218112.0000000,184049664.0000000
2,ice,ice-lake,9d2c7716a45c4f16,c50f0ad925de9f1e,SRR24043307-50 ucsc.hg38.knownGene.gtf,map_param_value,0.1.1,ok,1.0000000,4080.0000000,4.0000000,3551460735.0000000,4080218112.0000000,184225792.0000000
2,ice,ice-lake,9d2c7716a45c4f16,8377883a95a3aa65,SRR24043307 ucsc.hg38.knownGene.gtf,param_value_from_file,unknown,ok,1.0000000,4080.0000000,4.0000000,3571314251.0000000,4080218112.0000000,184442880.0000000
2,ice,ice-lake,9d2c7716a45c4f16,e0aefe1501799daa,SRR24043307-full ucsc.hg38.knownGene.gtf,map_param_value,0.1.1,ok,1.0000000,4080.0000000,4.0000000,3515630398.0000000,4080218112.0000000,184545280.0000000
2,ice,ice-lake,9d2c7716a45c4f16,8377883a95a3aa65,SRR24043307 ucsc.hg38.knownGene.gtf,map_param_value,0.1.1,ok,1.0000000,4080.0000000,4.0000000,3634809200.0000000,4080218112.0000000,184315904.0000000
3,ice,ice-lake,9d2c7716a45c4f16,850d26f8215a251e,SRR24043307-50 ucsc.hg38.knownGene.gtf,compose_text_param,0.1.1,ok,1.0000000,4080.0000000,3.0000000,3495529486.0000000,4080218112.0000000,184598528.0000000
2,ice,ice-lake,9d2c7716a45c4f16,e0aefe1501799daa,SRR24043307-full ucsc.hg38.knownGene.gtf,map_param_value,0.1.1,ok,1.0000000,4080.0000000,3.0000000,3604327604.0000000,4080218112.0000000,184045568.0000000
1,ice,ice-lake,9d2c7716a45c4f16,46e060f59cff29f0,SRR24043307-full ucsc.hg38.knownGene.gtf,map_param_value,0.1.1,ok,1.0000000,4080.0000000,3.0000000,3558592570.0000000,4080218112.0000000,184492032.0000000
1,ice,ice-lake,9d2c7716a45c4f16,46e060f59cff29f0,SRR24043307-full ucsc.hg38.knownGene.gtf,compose_text_param,0.1.1,ok,1.0000000,4080.0000000,3.0000000,3536500198.0000000,4080218112.0000000,184467456.0000000
1,ice,ice-lake,9d2c7716a45c4f16,5e1385555d4cb50d,SRR24043307 ucsc.hg38.knownGene.gtf,map_param_value,0.1.1,ok,1.0000000,4080.0000000,3.0000000,3539926994.0000000,4080218112.0000000,184504320.0000000
3,ice,ice-lake,9d2c7716a45c4f16,3f801f8484f6226d,SRR24043307 ucsc.hg38.knownGene.gtf,map_param_value,0.1.1,ok,1.0000000,4080.0000000,3.0000000,3664228976.0000000,4080218112.0000000,184360960.0000000
3,ice,ice-lake,9d2c7716a45c4f16,cca756dc9b546613,SRR24043307-full ucsc.hg38.knownGene.gtf,compose_text_param,0.1.1,ok,1.0000000,4080.0000000,3.0000000,3570307673.0000000,4080218112.0000000,184549376.0000000
3,ice,ice-lake,9d2c7716a45c4f16,cca756dc9b546613,SRR24043307-full ucsc.hg38.knownGene.gtf,map_param_value,0.1.1,ok,1.0000000,4080.0000000,3.0000000,3513582924.0000000,4080218112.0000000,184320000.0000000
3,ice,ice-lake,9d2c7716a45c4f16,cca756dc9b546613,SRR24043307-full ucsc.hg38.knownGene.gtf,map_param_value,0.1.1,ok,1.0000000,4080.0000000,3.0000000,3590970064.0000000,4080218112.0000000,184582144.0000000
1,ice,ice-lake,9d2c7716a45c4f16,06d75c4d34c965e4,SRR24043307-50 ucsc.hg38.knownGene.gtf,map_param_value,0.1.1,ok,1.0000000,4080.0000000,3.0000000,3592069770.0000000,4080218112.0000000,184414208.0000000
2,ice,ice-lake,9d2c7716a45c4f16,8377883a95a3aa65,SRR24043307 ucsc.hg38.knownGene.gtf,compose_text_param,0.1.1,ok,1.0000000,4080.0000000,3.0000000,3531963875.0000000,4080218112.0000000,184549376.0000000
1,ice,ice-lake,9d2c7716a45c4f16,06d75c4d34c965e4,SRR24043307-50 ucsc.hg38.knownGene.gtf,compose_text_param,0.1.1,ok,1.0000000,4080.0000000,3.0000000,3537009856.0000000,4080218112.0000000,184229888.0000000
3,ice,ice-lake,9d2c7716a45c4f16,3f801f8484f6226d,SRR24043307 ucsc.hg38.knownGene.gtf,map_param_value,0.1.1,ok,1.0000000,4080.0000000,3.0000000,3536607095.0000000,4080218112.0000000,184360960.0000000
3,ice,ice-lake,9d2c7716a45c4f16,850d26f8215a251e,SRR24043307-50 ucsc.hg38.knownGene.gtf,map_param_value,0.1.1,ok,1.0000000,4080.0000000,3.0000000,3605625987.0000000,4080218112.0000000,183832576.0000000
2,ice,ice-lake,9d2c7716a45c4f16,e0aefe1501799daa,SRR24043307-full ucsc.hg38.knownGene.gtf,map_param_value,0.1.1,ok,1.0000000,4080.0000000,3.0000000,3593725709.0000000,4080218112.0000000,184532992.0000000
3,ice,ice-lake,9d2c7716a45c4f16,3f801f8484f6226d,SRR24043307 ucsc.hg38.knownGene.gtf,map_param_value,0.1.1,ok,1.0000000,4080.0000000,3.0000000,3490077992.0000000,4080218112.0000000,184516608.0000000
1,ice,ice-lake,9d2c7716a45c4f16,46e060f59cff29f0,SRR24043307-full ucsc.hg38.knownGene.gtf,map_param_value,0.1.1,ok,1.0000000,4080.0000000,3.0000000,3620303494.0000000,4080218112.0000000,184094720.0000000
1,ice,ice-lake,9d2c7716a45c4f16,06d75c4d34c965e4,SRR24043307-50 ucsc.hg38.knownGene.gtf,map_param_value,0.1.1,ok,1.0000000,4080.0000000,3.0000000,3613519595.0000000,4080218112.0000000,184582144.0000000
3,ice,ice-lake,9d2c7716a45c4f16,850d26f8215a251e,SRR24043307-50 ucsc.hg38.knownGene.gtf,param_value_from_file,unknown,ok,1.0000000,4080.0000000,3.0000000,3506124607.0000000,4080218112.0000000,184504320.0000000
1,ice,ice-lake,9d2c7716a45c4f16,06d75c4d34c965e4,SRR24043307-50 ucsc.hg38.knownGene.gtf,param_value_from_file,unknown,ok,1.0000000,4080.0000000,3.0000000,3419402071.0000000,4080218112.0000000,184430592.0000000
3,ice,ice-lake,9d2c7716a45c4f16,3f801f8484f6226d,SRR24043307 ucsc.hg38.knownGene.gtf,param_value_from_file,unknown,ok,1.0000000,4080.0000000,3.0000000,3616021045.0000000,4080218112.0000000,184705024.0000000
1,ice,ice-lake,9d2c7716a45c4f16,5e1385555d4cb50d,SRR24043307 ucsc.hg38.knownGene.gtf,compose_text_param,0.1.1,ok,1.0000000,4080.0000000,3.0000000,3480553907.0000000,4080218112.0000000,184545280.0000000
3,ice,ice-lake,9d2c7716a45c4f16,cca756dc9b546613,SRR24043307-full ucsc.hg38.knownGene.gtf,map_param_value,0.1.1,ok,1.0000000,4080.0000000,3.0000000,3589442443.0000000,4080218112.0000000,183951360.0000000
1,ice,ice-lake,9d2c7716a45c4f16,46e060f59cff29f0,SRR24043307-full ucsc.hg38.knownGene.gtf,param_value_from_file,unknown,ok,1.0000000,4080.0000000,3.0000000,3466310137.0000000,4080218112.0000000,184610816.0000000
2,ice,ice-lake,9d2c7716a45c4f16,c50f0ad925de9f1e,SRR24043307-50 ucsc.hg38.knownGene.gtf,compose_text_param,0.1.1,ok,1.0000000,4080.0000000,3.0000000,3564956198.0000000,4080218112.0000000,184692736.0000000
3,ice,ice-lake,9d2c7716a45c4f16,3f801f8484f6226d,SRR24043307 ucsc.hg38.knownGene.gtf,compose_text_param,0.1.1,ok,1.0000000,4080.0000000,3.0000000,3517220286.0000000,4080218112.0000000,184238080.0000000
3,ice,ice-lake,9d2c7716a45c4f16,cca756dc9b546613,SRR24043307-full ucsc.hg38.knownGene.gtf,map_param_value,0.1.1,ok,1.0000000,4080.0000000,3.0000000,3578250576.0000000,4080218112.0000000,184344576.0000000
3,ice,ice-lake,9d2c7716a45c4f16,850d26f8215a251e,SRR24043307-50 ucsc.hg38.knownGene.gtf,map_param_value,0.1.1,ok,1.0000000,4080.0000000,3.0000000,3598909286.0000000,4080218112.0000000,184487936.0000000
1,ice,ice-lake,9d2c7716a45c4f16,06d75c4d34c965e4,SRR24043307-50 ucsc.hg38.knownGene.gtf,map_param_value,0.1.1,ok,1.0000000,4080.0000000,3.0000000,3589469568.0000000,4080218112.0000000,184729600.0000000
3,ice,ice-lake,9d2c7716a45c4f16,3f801f8484f6226d,SRR24043307 ucsc.hg38.knownGene.gtf,tp_awk_tool,1.1.2,ok,1.0000000,4080.0000000,1.0000000,290257907.0000000,4080218112.0000000,7880704.0000000
1,ice,ice-lake,9d2c7716a45c4f16,46e060f59cff29f0,SRR24043307-full ucsc.hg38.knownGene.gtf,tp_awk_tool,1.1.2,ok,1.0000000,4080.0000000,1.0000000,289639361.0000000,4080218112.0000000,7811072.0000000
1,ice,ice-lake,9d2c7716a45c4f16,5e1385555d4cb50d,SRR24043307 ucsc.hg38.knownGene.gtf,tp_awk_tool,1.1.2,ok,1.0000000,4080.0000000,0E-7,287354109.0000000,4080218112.0000000,7634944.0000000
2,ice,ice-lake,9d2c7716a45c4f16,8377883a95a3aa65,SRR24043307 ucsc.hg38.knownGene.gtf,tp_awk_tool,1.1.2,ok,1.0000000,4080.0000000,0E-7,291761348.0000000,4080218112.0000000,7651328.0000000
2,ice,ice-lake,9d2c7716a45c4f16,c50f0ad925de9f1e,SRR24043307-50 ucsc.hg38.knownGene.gtf,tp_awk_tool,1.1.2,ok,1.0000000,4080.0000000,0E-7,291168225.0000000,4080218112.0000000,7716864.0000000
1,ice,ice-lake,9d2c7716a45c4f16,06d75c4d34c965e4,SRR24043307-50 ucsc.hg38.knownGene.gtf,tp_awk_tool,1.1.2,ok,1.0000000,4080.0000000,0E-7,289098421.0000000,4080218112.0000000,7942144.0000000
2,ice,ice-lake,9d2c7716a45c4f16,e0aefe1501799daa,SRR24043307-full ucsc.hg38.knownGene.gtf,tp_awk_tool,1.1.2,ok,1.0000000,4080.0000000,0E-7,293559176.0000000,4080218112.0000000,7520256.0000000
3,ice,ice-lake,9d2c7716a45c4f16,850d26f8215a251e,SRR24043307-50 ucsc.hg38.knownGene.gtf,tp_awk_tool,1.1.2,ok,1.0000000,4080.0000000,0E-7,63919486.0000000,4080218112.0000000,5488640.0000000
2,ice,ice-lake,9d2c7716a45c4f16,c50f0ad925de9f1e,SRR24043307-50 ucsc.hg38.knownGene.gtf,tp_awk_tool,1.1.2,ok,1.0000000,4080.0000000,0E-7,58225926.0000000,4080218112.0000000,5341184.0000000
3,ice,ice-lake,9d2c7716a45c4f16,850d26f8215a251e,SRR24043307-50 ucsc.hg38.knownGene.gtf,tp_awk_tool,1.1.2,ok,1.0000000,4080.0000000,0E-7,290137773.0000000,4080218112.0000000,7974912.0000000
1,ice,ice-lake,9d2c7716a45c4f16,46e060f59cff29f0,SRR24043307-full ucsc.hg38.knownGene.gtf,tp_awk_tool,1.1.2,ok,1.0000000,4080.0000000,0E-7,56257912.0000000,4080218112.0000000,5132288.0000000
2,ice,ice-lake,9d2c7716a45c4f16,8377883a95a3aa65,SRR24043307 ucsc.hg38.knownGene.gtf,tp_awk_tool,1.1.2,ok,1.0000000,4080.0000000,0E-7,59349809.0000000,4080218112.0000000,5148672.0000000
3,ice,ice-lake,9d2c7716a45c4f16,3f801f8484f6226d,SRR24043307 ucsc.hg38.knownGene.gtf,tp_awk_tool,1.1.2,ok,1.0000000,4080.0000000,0E-7,58128664.0000000,4080218112.0000000,5099520.0000000
1,ice,ice-lake,9d2c7716a45c4f16,5e1385555d4cb50d,SRR24043307 ucsc.hg38.knownGene.gtf,tp_awk_tool,1.1.2,ok,1.0000000,4080.0000000,0E-7,59223498.0000000,4080218112.0000000,5021696.0000000
2,ice,ice-lake,9d2c7716a45c4f16,e0aefe1501799daa,SRR24043307-full ucsc.hg38.knownGene.gtf,tp_awk_tool,1.1.2,ok,1.0000000,4080.0000000,0E-7,56889440.0000000,4080218112.0000000,5283840.0000000
1,ice,ice-lake,9d2c7716a45c4f16,06d75c4d34c965e4,SRR24043307-50 ucsc.hg38.knownGene.gtf,tp_awk_tool,1.1.2,ok,1.0000000,4080.0000000,0E-7,59513826.0000000,4080218112.0000000,5054464.0000000
3,ice,ice-lake,9d2c7716a45c4f16,cca756dc9b546613,SRR24043307-full ucsc.hg38.knownGene.gtf,bamFilter,2.5.2+galaxy1,error,,,,,,
3,ice,ice-lake,9d2c7716a45c4f16,850d26f8215a251e,SRR24043307-50 ucsc.hg38.knownGene.gtf,tp_awk_tool,1.1.2,error,,,,,,
3,ice,ice-lake,9d2c7716a45c4f16,cca756dc9b546613,SRR24043307-full ucsc.hg38.knownGene.gtf,tp_awk_tool,1.1.2,queued,,,,,,
3,ice,ice-lake,9d2c7716a45c4f16,cca756dc9b546613,SRR24043307-full ucsc.hg38.knownGene.gtf,revertR2orientationInBam,0.0.2,paused,,,,,,
2,ice,ice-lake,9d2c7716a45c4f16,e0aefe1501799daa,SRR24043307-full ucsc.hg38.knownGene.gtf,tp_awk_tool,1.1.2,error,,,,,,
3,ice,ice-lake,9d2c7716a45c4f16,850d26f8215a251e,SRR24043307-50 ucsc.hg38.knownGene.gtf,bedtools_genomecoveragebed,2.30.0,error,,,,,,
1,ice,ice-lake,9d2c7716a45c4f16,46e060f59cff29f0,SRR24043307-full ucsc.hg38.knownGene.gtf,param_value_from_file,unknown,error,,,,,,
3,ice,ice-lake,9d2c7716a45c4f16,cca756dc9b546613,SRR24043307-full ucsc.hg38.knownGene.gtf,cufflinks,2.2.1.3,error,,,,,,
3,ice,ice-lake,9d2c7716a45c4f16,cca756dc9b546613,SRR24043307-full ucsc.hg38.knownGene.gtf,tp_awk_tool,1.1.2,queued,,,,,,
3,ice,ice-lake,9d2c7716a45c4f16,cca756dc9b546613,SRR24043307-full ucsc.hg38.knownGene.gtf,multiqc,1.11+galaxy1,queued,,,,,,
3,ice,ice-lake,9d2c7716a45c4f16,cca756dc9b546613,SRR24043307-full ucsc.hg38.knownGene.gtf,rna_star,2.7.8a+galaxy1,error,,,,,,
1,ice,ice-lake,9d2c7716a45c4f16,5e1385555d4cb50d,SRR24043307 ucsc.hg38.knownGene.gtf,wig_to_bigWig,unknown,error,,,,,,
3,ice,ice-lake,9d2c7716a45c4f16,cca756dc9b546613,SRR24043307-full ucsc.hg38.knownGene.gtf,param_value_from_file,unknown,new,,,,,,
